{
  "train_loss": [
    3185.855282827524,
    1285.061481651893,
    443.03227961613584,
    344.45909799429086,
    253.93751373291016,
    191.16077088576097,
    169.88274248563326,
    206.45860220102165,
    170.65846856924205,
    173.2214817927434,
    141.58067427415114,
    137.66311710064227,
    161.23977508544922,
    140.72459752009465,
    148.21999318049504,
    151.18718807513898,
    144.8484051337609,
    132.84344670222356,
    115.14464592566857,
    129.91845174936148,
    121.42004987276518,
    113.08039961594801,
    127.49360633263221,
    128.02826479398288,
    113.19443541306715,
    108.1966577383188,
    104.87120202871469,
    101.8236796452449,
    98.03917981661283,
    110.8385014460637,
    95.8648776127742,
    108.86782572819637,
    95.21560833270733,
    110.50941919180063,
    104.35911923922025,
    96.78598216130183,
    95.4039801964393,
    85.1940673828125,
    98.05055949871357,
    91.81907706627479,
    88.87352177546575,
    88.32242202758789,
    91.22102807851938
  ],
  "val_loss": [
    2244.2530430385045,
    709.2598048618862,
    379.734018598284,
    279.3894707815988,
    201.01295307704382,
    160.02027348109655,
    147.23878506251745,
    184.6277847290039,
    133.4423155103411,
    124.06801932198661,
    125.21911130632672,
    127.0104421888079,
    166.06716510227747,
    128.02853311811174,
    195.17983981541224,
    109.24631132398333,
    137.172577721732,
    108.63012368338448,
    126.63065828595843,
    129.0762770516532,
    126.0331677028111,
    109.59097480773926,
    126.68902914864677,
    117.43571758270264,
    103.38489859444755,
    105.08249964032855,
    125.11188016619,
    101.24181761060443,
    118.82547542027065,
    102.13199261256626,
    112.80518559047154,
    103.48065199170794,
    105.33176749093192,
    114.86258561270577,
    114.17811257498605,
    109.21186447143555,
    115.60113361903599,
    107.89497893197196,
    115.08239419119698,
    110.2760203225272,
    113.58805084228516,
    109.62156622750419,
    108.06757654462542
  ],
  "val_mae": [
    40.69689123971121,
    21.334368569510325,
    13.651892525809151,
    11.682216916765485,
    8.14587470463344,
    7.626829760415213,
    6.67943457194737,
    7.989320584705898,
    6.775741543088641,
    6.300818170819964,
    6.1479743208204,
    6.681992871420724,
    7.66597192628043,
    6.472386496407645,
    8.787419830049787,
    5.940344333648682,
    7.136848075049264,
    6.154791355133057,
    6.918331214359829,
    6.7535079547337125,
    6.55750846862793,
    5.9414021628243585,
    7.450936658041818,
    6.141499280929565,
    5.889228275844029,
    5.8145923273903986,
    6.376618794032505,
    5.597374882016863,
    6.658245495387486,
    6.0697484357016425,
    6.305372953414917,
    5.687043905258179,
    5.780340841838291,
    6.096509422574725,
    6.436637674059186,
    6.14297502381461,
    6.229554312569754,
    6.035287652696882,
    6.301696641104562,
    6.32120326587132,
    6.430618013654437,
    6.106381041663034,
    6.13191066469465
  ],
  "lr": [
    0.001,
    0.001,
    0.001,
    0.001,
    0.001,
    0.001,
    0.001,
    0.001,
    0.001,
    0.001,
    0.001,
    0.001,
    0.001,
    0.001,
    0.001,
    0.001,
    0.001,
    0.001,
    0.001,
    0.001,
    0.001,
    0.001,
    0.001,
    0.001,
    0.0005,
    0.0005,
    0.0005,
    0.0005,
    0.0005,
    0.0005,
    0.0005,
    0.0005,
    0.0005,
    0.0005,
    0.00025,
    0.00025,
    0.00025,
    0.00025,
    0.00025,
    0.00025,
    0.000125,
    0.000125,
    0.000125
  ]
}