{
  "train_loss": [
    3363.8936260516825,
    1780.9444401667668,
    529.5988607553336,
    286.03768427922176,
    238.573073049692,
    216.60330341045673,
    199.2263678917518,
    179.58507643479567,
    163.42204883282002,
    170.69671736497145,
    157.24517094538763,
    147.76439737173226,
    148.22634940514197,
    153.52094368567833,
    139.12748401348406,
    127.34302732027494,
    147.62499530498798,
    132.9855574974647,
    129.20831334040716,
    130.57244309645432,
    122.42555371798002,
    116.39987822312575,
    120.36304597121018,
    127.84149862436148,
    120.0552355839656,
    120.7753886296199,
    121.65219908494215,
    116.61291509775015,
    113.52907098623423,
    107.91315231323242,
    107.33035818246695,
    106.8702143742488,
    98.74596463716946,
    100.44743294349084,
    99.94757708035982,
    98.98851723304162,
    104.81396114642803,
    101.91765970083384,
    99.22712549062875,
    101.40209409273588,
    97.86727782029372,
    101.58683412992038,
    92.22176631047175,
    96.01676565317007,
    99.20819209172176,
    96.42935485839844,
    86.88642572256235,
    95.15614547729493,
    89.6671157836914,
    96.39414878258339,
    85.9483300429124,
    83.34968338012695,
    84.19405852097731,
    88.27866985614483,
    86.48116783728966,
    80.48381130511945,
    84.9402478144719,
    85.16330607487605,
    81.87855541522686
  ],
  "val_loss": [
    2700.4018205915177,
    916.5220031738281,
    306.672006879534,
    264.69917242867604,
    187.4052630833217,
    160.58949061802454,
    162.75999804905481,
    122.3562010356358,
    127.95730073111397,
    127.39452607291085,
    120.40688160487584,
    119.59246989658901,
    110.93844522748675,
    138.24144090924943,
    102.47026266370501,
    98.63042422703334,
    101.90356377192906,
    105.60947745186942,
    102.2879638671875,
    98.68509919302804,
    92.78070313589913,
    109.51342282976422,
    117.734130859375,
    108.2958905356271,
    95.56329345703125,
    155.48922511509485,
    98.7148220879691,
    95.17809077671596,
    89.51835400717599,
    86.8880615234375,
    86.96798883165631,
    99.34968158176967,
    89.47671726771763,
    84.9261245727539,
    86.9595560346331,
    82.78215817042759,
    86.4497789655413,
    89.584899357387,
    104.26499857221332,
    87.27804660797119,
    93.03836468287876,
    101.14455359322685,
    83.03815882546562,
    81.75677449362618,
    82.60701397487095,
    88.13172040666852,
    82.24244172232491,
    92.22806058611188,
    92.19082205636161,
    90.34832695552281,
    84.57844870431083,
    86.36788041251046,
    87.71087728227887,
    83.10584586007255,
    82.87198543548584,
    86.20596858433315,
    83.08240645272392,
    84.41056592123849,
    89.4285455431257
  ],
  "val_mae": [
    44.512132372174946,
    26.164998326982772,
    11.631842749459404,
    10.390861647469658,
    7.9088567325047086,
    7.919177872794015,
    7.625660589763096,
    6.632493189402989,
    6.524570839745658,
    6.89373254776001,
    6.760263068335397,
    6.696544034140451,
    6.182664224079677,
    8.56597672189985,
    6.216130835669381,
    5.785711356571743,
    6.0189942973000665,
    6.512992722647531,
    5.968358073915754,
    6.012928894587925,
    5.885962213788714,
    6.747319732393537,
    6.578955377851214,
    6.595721789768764,
    5.808114085878644,
    7.518095765795026,
    5.820992197309222,
    5.999544756753104,
    5.737799201692853,
    5.677179336547852,
    5.570824435779026,
    6.212186711175101,
    5.489473853792463,
    5.609131063733782,
    5.751489656312125,
    5.557080473218646,
    5.5112589086805075,
    5.625957114355905,
    6.317485979625157,
    5.4492805515016824,
    5.867237022944859,
    6.673320736203875,
    5.576862301145281,
    5.4341858966009955,
    5.520494256700788,
    5.483098881585257,
    5.47292457308088,
    5.724214656012399,
    5.869287048067365,
    5.624967285564968,
    5.671467065811157,
    5.7287569386618475,
    5.920738765171596,
    5.544494049889701,
    5.448045560291836,
    5.619464499609811,
    5.559600046702793,
    5.535232407706125,
    5.7376870427812845
  ],
  "lr": [
    0.001,
    0.001,
    0.001,
    0.001,
    0.001,
    0.001,
    0.001,
    0.001,
    0.001,
    0.001,
    0.001,
    0.001,
    0.001,
    0.001,
    0.001,
    0.001,
    0.001,
    0.001,
    0.001,
    0.001,
    0.001,
    0.001,
    0.001,
    0.001,
    0.001,
    0.001,
    0.001,
    0.0005,
    0.0005,
    0.0005,
    0.0005,
    0.0005,
    0.0005,
    0.0005,
    0.0005,
    0.0005,
    0.0005,
    0.0005,
    0.0005,
    0.0005,
    0.0005,
    0.0005,
    0.00025,
    0.00025,
    0.00025,
    0.00025,
    0.00025,
    0.00025,
    0.00025,
    0.00025,
    0.000125,
    0.000125,
    0.000125,
    0.000125,
    0.000125,
    0.000125,
    6.25e-05,
    6.25e-05,
    6.25e-05
  ]
}